date_data_entered,person_entering_data,date_on_vial,person_that_sorted_the_sample,site,partial_sample_note,sample_type,ostracod,copepod,hemiptera_corixidae_boatman,cladocera,nematode,dipteran_sp,diptera_chironomid,diptera_ceratopogonidae,diptera_ceratopogonidae_pupa,diptera_culicidae,diptera_culicidae_larvae,diptera_anthomyiidae,diptera_ephydridae,diptera_stratiomyidae,amphipod,lepidoptera_crambidae,hemiptera_mesoveliidae,hemiptera_notonectidae,annelida_sp,annelida_oligochaete,annelida_polychaete,ephemeroptera,odonate,coleoptera_sp,coleoptera_dytiscidae,coleoptera_dytiscidae_liodessus_affinis,coleoptera_dytiscidae_agabus,coleoptera_dytiscidae_colymbetinae,coleoptera_curculionidae_weavil,coleoptera_hydrophilidae,coleoptera_tropiscernus,coleoperta_hydraenidae,coleoptera_gyrindae_gyrinini,ephemeroptera_sp,tipulidae_larva,plecoptera_sp,arachnida_acari_mite,trichoptera_sp,collembola_springtail,gastropod_snail,mollusk,syrphidae,terrestrials,isopoda_sphaeroma,clam_shrimp,eristalis_tenax_larvae,larvae,crawfish,fish,nz_mudsnail,unknown,comments,OBJECTID,Sampling_frequency,x,y
NA,Weijun S,2020-01-21T00:00:00Z,Cole D + Haley D + Weijun S,NDC,NA,FB250,8,161,NA,NA,NA,NA,NA,NA,NA,NA,NA,NA,NA,NA,NA,NA,NA,NA,NA,NA,NA,NA,NA,NA,NA,NA,NA,NA,NA,NA,NA,NA,NA,NA,NA,NA,NA,NA,NA,NA,NA,NA,NA,NA,NA,NA,NA,NA,NA,NA,NA,NA,7,Quarterly,-119.882993254677,34.4211237991105
NA,Lauren Stiles,2020-01-21T00:00:00Z,Weijun and Alexa,NDC,NA,FB250,10,163,NA,4,NA,NA,NA,NA,NA,NA,NA,NA,NA,NA,NA,NA,NA,NA,NA,NA,NA,NA,NA,NA,NA,NA,NA,NA,NA,NA,NA,NA,NA,NA,NA,NA,NA,NA,NA,NA,NA,NA,NA,NA,NA,NA,NA,NA,NA,NA,NA,NA,7,Quarterly,-119.882993254677,34.4211237991105
NA,ALison R,2020-02-21T00:00:00Z,Brooke and Alison,NVBR,NA,FB250,36,7249,3,1982,NA,NA,NA,NA,NA,NA,NA,NA,NA,NA,NA,NA,NA,NA,NA,NA,NA,NA,NA,NA,NA,NA,NA,NA,NA,NA,NA,NA,NA,NA,NA,NA,NA,NA,NA,NA,NA,NA,NA,NA,NA,NA,NA,NA,NA,NA,NA,NA,2,Quarterly,-119.87410977842,34.4175305114216
NA,Alison R,2021-04-15T00:00:00Z,Mckenzie and Megan,NPB,NA,FB250,1385,400,342,25,2,NA,13,NA,NA,NA,NA,NA,NA,NA,NA,NA,NA,NA,NA,24,NA,NA,NA,NA,NA,NA,NA,NA,NA,NA,NA,NA,NA,NA,NA,NA,NA,NA,2,NA,NA,NA,NA,NA,NA,NA,1.0,NA,NA,NA,NA,NA,4,Quarterly,-119.878980669991,34.4213716063627
NA,Alison Rickard,2021-08-25T00:00:00Z,Clare Duganne,NPB,NA,FB250,2308,44,NA,NA,NA,NA,3,NA,NA,NA,NA,NA,NA,NA,1,NA,NA,NA,NA,NA,NA,NA,NA,1.0,1,NA,NA,NA,NA,NA,NA,NA,NA,NA,NA,NA,NA,NA,NA,NA,NA,NA,NA,NA,NA,NA,NA,NA,NA,NA,1,NA,4,Quarterly,-119.878980669991,34.4213716063627
NA,Valeria Estrada,2021-08-25T00:00:00Z,"Clare, Sophia Long",NPB,NA,FB250,2048,14,NA,NA,NA,NA,7,8,NA,1,NA,NA,NA,NA,2,NA,NA,7,NA,NA,NA,NA,NA,NA,1,NA,NA,NA,NA,NA,NA,NA,NA,NA,NA,NA,NA,NA,NA,4,NA,NA,NA,NA,NA,NA,NA,NA,1,NA,NA,NA,4,Quarterly,-119.878980669991,34.4213716063627
NA,Lauren S,2021-09-01T00:00:00Z,Lauren S,NPB2,NA,FB250,NA,3,NA,3,NA,NA,NA,NA,260,NA,NA,1,NA,NA,NA,NA,NA,NA,4,NA,NA,NA,5,NA,NA,NA,NA,NA,NA,NA,NA,NA,NA,NA,NA,81,NA,NA,NA,2,NA,NA,NA,NA,NA,NA,NA,NA,NA,NA,NA,NA,6,Quarterly,-119.880675826088,34.4248762302824
NA,Lauren S,2021-09-01T00:00:00Z,Lauren S,NPB2,NA,FB250,0,3,0,2,0,NA,NA,NA,NA,260,NA,NA,NA,NA,1,NA,NA,NA,NA,NA,NA,4,NA,NA,NA,NA,NA,NA,NA,NA,NA,NA,NA,NA,NA,NA,NA,NA,81,NA,NA,NA,NA,NA,NA,NA,NA,NA,NA,NA,NA,There is one that we could not yet identify -- species X in separate tube. There were also 2 terrestrials in this sample,6,Quarterly,-119.880675826088,34.4248762302824
NA,Lauren Stiles,2021-11-12T00:00:00Z,Lawrence L,NPB,NA,FB250,594,NA,NA,NA,NA,NA,NA,1,NA,NA,NA,NA,NA,NA,NA,NA,NA,NA,NA,NA,NA,NA,NA,NA,NA,NA,NA,NA,NA,NA,NA,NA,NA,NA,NA,NA,NA,NA,NA,NA,1.0,2,3,NA,NA,NA,NA,NA,NA,NA,NA,NA,4,Quarterly,-119.878980669991,34.4213716063627
NA,Lawrence L,2021-11-16T00:00:00Z,Lawrence L,NPB,NA,FB250,541,4,NA,NA,NA,NA,NA,NA,NA,NA,NA,NA,NA,NA,NA,NA,NA,NA,NA,NA,NA,NA,NA,NA,NA,NA,NA,NA,NA,NA,NA,NA,NA,NA,NA,NA,NA,NA,NA,NA,NA,2,22,NA,NA,NA,NA,NA,NA,NA,NA,Not sure if there are other species in the waste vial,4,Quarterly,-119.878980669991,34.4213716063627
NA,Ingrid,2021-11-23T00:00:00Z,Ingrid,NPB2,NA,FB250,0,0,0,1,0,0,0,0,NA,2,NA,NA,0,0,32,0,NA,NA,NA,NA,NA,NA,NA,NA,NA,NA,NA,NA,NA,NA,NA,NA,NA,NA,NA,NA,NA,NA,NA,NA,NA,NA,NA,NA,NA,NA,NA,NA,NA,NA,NA,replicate bottle,6,Quarterly,-119.880675826088,34.4248762302824
NA,Justin H,2021-11-23T00:00:00Z,Justin H,NPB2,NA,FB250,2,52,2,4,NA,NA,1,NA,NA,17,NA,NA,NA,NA,6,NA,NA,NA,NA,1,NA,NA,NA,NA,NA,NA,NA,NA,NA,NA,NA,NA,NA,NA,NA,NA,NA,NA,4,NA,NA,NA,17,NA,NA,NA,NA,NA,NA,NA,NA,NA,6,Quarterly,-119.880675826088,34.4248762302824
NA,Kristen R,2022-01-20T00:00:00Z,Lily Strange,NVP2,NA,FB250,NA,240,NA,1835,NA,NA,NA,NA,NA,NA,NA,NA,NA,NA,NA,NA,NA,NA,NA,NA,NA,NA,NA,NA,NA,NA,NA,NA,NA,NA,NA,NA,NA,NA,NA,NA,NA,NA,NA,NA,NA,NA,NA,NA,NA,NA,NA,NA,NA,NA,NA,NA,10,After Rain,-119.87988189222,34.4194776322913
NA,Ingrid,2022-01-20T00:00:00Z,Ingrid,NVP4,NA,FB250,21,31,NA,2390,NA,NA,NA,NA,NA,NA,NA,NA,NA,NA,NA,NA,NA,NA,NA,NA,NA,NA,NA,NA,NA,NA,NA,NA,NA,NA,NA,NA,NA,NA,NA,NA,NA,NA,NA,NA,NA,NA,NA,NA,NA,NA,NA,NA,NA,NA,NA,replica,9,After Rain,-119.880949411571,34.419069035776
NA,Dakota Tyson,2022-01-20T00:00:00Z,Graham I,NVP4,NA,FB250,186,27,0,3456,0,0,0,0,NA,0,NA,NA,0,0,0,0,0,0,0,0,0,0,0,0.0,0,0,0,0,0,0,0,0,0,0,0,0,0,0,0,0,0.0,0,0,NA,0,NA,NA,NA,NA,NA,NA,NA,9,After Rain,-119.880949411571,34.419069035776
NA,Lauren Stiles,2022-01-21T00:00:00Z,Olivia T and Sam D,NEC,NA,FB250,NA,735,1,NA,NA,NA,NA,NA,NA,NA,NA,NA,NA,NA,NA,NA,NA,NA,NA,NA,NA,NA,NA,NA,NA,NA,NA,NA,NA,NA,NA,NA,NA,NA,NA,NA,NA,NA,NA,NA,NA,NA,NA,NA,NA,NA,NA,NA,NA,NA,NA,was mis-entered with site as NEV,1,Quarterly,-119.873895201699,34.4208936917187
NA,Lauren Stiles,2022-01-24T00:00:00Z,Ingrid,NEC,NA,FB250,1,392,1,NA,NA,NA,NA,NA,NA,NA,NA,NA,NA,NA,NA,NA,NA,NA,NA,NA,NA,NA,NA,NA,NA,NA,NA,NA,NA,NA,NA,NA,NA,NA,NA,NA,NA,NA,NA,NA,NA,NA,NA,NA,NA,NA,NA,NA,NA,NA,NA,NA,1,Quarterly,-119.873895201699,34.4208936917187
NA,Lauren Stiles,2022-01-24T00:00:00Z,Ingrid,NEC,NA,FB250,1,392,1,NA,NA,NA,NA,NA,NA,NA,NA,NA,NA,NA,NA,NA,NA,NA,NA,NA,NA,NA,NA,NA,NA,NA,NA,NA,NA,NA,NA,NA,NA,NA,NA,NA,NA,NA,NA,NA,NA,NA,NA,NA,NA,NA,NA,NA,NA,NA,NA,NA,1,Quarterly,-119.873895201699,34.4208936917187
NA,Kristen R,2022-01-28T00:00:00Z,Brody Regan,NWP,NA,Core 1cm,NA,NA,NA,NA,NA,NA,2,NA,NA,NA,NA,NA,NA,NA,NA,NA,NA,NA,NA,NA,NA,NA,NA,NA,NA,NA,NA,NA,NA,NA,NA,NA,NA,NA,NA,NA,NA,NA,NA,NA,NA,NA,NA,NA,NA,NA,NA,NA,NA,NA,NA,NA,8,After Rain,-119.882349524514,34.4212123017849
NA,Justin H,2022-01-28T00:00:00Z,Ingrid S,NWP,NA,CORE: cm 3,2,NA,NA,NA,NA,NA,NA,NA,NA,NA,NA,NA,NA,NA,NA,NA,NA,NA,NA,NA,NA,NA,NA,NA,NA,NA,NA,NA,NA,NA,NA,NA,NA,NA,NA,NA,NA,NA,NA,NA,NA,NA,NA,NA,NA,NA,NA,NA,NA,NA,NA,NA,8,After Rain,-119.882349524514,34.4212123017849
NA,Justin H,2022-01-28T00:00:00Z,Theresa N,NDC,NA,FB250,NA,26,NA,294,NA,NA,NA,NA,NA,NA,NA,NA,NA,NA,NA,NA,NA,NA,NA,NA,NA,NA,NA,NA,NA,NA,NA,NA,NA,NA,NA,NA,NA,NA,NA,NA,NA,NA,NA,NA,NA,NA,NA,NA,NA,NA,NA,NA,NA,NA,NA,half-sample,7,Quarterly,-119.882993254677,34.4211237991105
NA,Lauren Stiles,2022-01-28T00:00:00Z,Lauren Stiles,NDC,half sample,FB250,71,303,NA,2844,NA,NA,NA,NA,NA,1,NA,NA,NA,NA,1,NA,NA,NA,NA,NA,NA,NA,NA,1.0,NA,NA,NA,NA,NA,NA,NA,NA,NA,NA,NA,NA,NA,NA,NA,1,NA,NA,3,NA,NA,NA,NA,NA,NA,NA,NA,half sample,7,Quarterly,-119.882993254677,34.4211237991105
NA,Lawrence L,2022-01-28T00:00:00Z,Lawrence L,NWP,NA,FB250,158,131,NA,6909,NA,NA,NA,NA,NA,1,NA,NA,NA,NA,NA,NA,NA,NA,NA,NA,NA,NA,NA,NA,NA,NA,NA,NA,NA,NA,NA,NA,NA,NA,NA,NA,NA,NA,NA,NA,NA,NA,NA,NA,NA,NA,1.0,NA,NA,NA,NA,NA,8,After Rain,-119.882349524514,34.4212123017849
NA,Lauren S,2022-01-28T00:00:00Z,Kristen R,NWP,NA,CORE 3-4,NA,NA,NA,NA,NA,NA,NA,NA,NA,NA,NA,NA,NA,NA,NA,NA,NA,NA,NA,NA,NA,NA,NA,NA,NA,NA,NA,NA,NA,NA,NA,NA,NA,NA,NA,NA,NA,NA,NA,NA,NA,NA,NA,NA,NA,NA,no organisms found,NA,NA,NA,NA,NA,8,After Rain,-119.882349524514,34.4212123017849
NA,Lauren  Stiles,2022-02-21T00:00:00Z,McKenzie,NPB,NA,FB250,10,176,NA,24,NA,NA,NA,NA,NA,NA,NA,NA,NA,NA,NA,NA,NA,NA,NA,NA,NA,NA,NA,NA,NA,NA,NA,NA,NA,NA,NA,NA,NA,NA,NA,NA,NA,NA,NA,NA,NA,NA,2,NA,NA,NA,NA,NA,NA,NA,NA,"one ant, one springtail for terrestrials",4,Quarterly,-119.878980669991,34.4213716063627
NA,Justin H,2022-02-23T00:00:00Z,Justin H,NVBR,NA,FB250,NA,2758,NA,NA,NA,NA,NA,3,NA,NA,NA,NA,NA,NA,NA,NA,NA,NA,NA,33,NA,NA,NA,NA,NA,NA,NA,NA,NA,NA,NA,NA,NA,NA,NA,NA,NA,NA,NA,NA,NA,NA,NA,NA,NA,NA,NA,NA,NA,NA,NA,NA,2,Quarterly,-119.87410977842,34.4175305114216
NA,Alison R,2022-02-23T00:00:00Z,Unknown,NPB1,NA,FB250,NA,156,NA,1,NA,NA,NA,NA,NA,NA,NA,NA,NA,NA,NA,NA,NA,NA,NA,NA,NA,NA,NA,NA,NA,NA,NA,NA,NA,NA,NA,NA,NA,2,NA,4,NA,NA,NA,NA,NA,NA,NA,NA,NA,NA,NA,NA,NA,NA,NA,NA,5,Quarterly,-119.879130873696,34.4224159288559
NA,Ingrid,2022-02-25T00:00:00Z,Ingrid,NEC,NA,FB250,0,392,0,0,NA,NA,NA,NA,NA,NA,NA,NA,NA,NA,NA,NA,NA,NA,NA,NA,NA,NA,NA,NA,NA,NA,NA,NA,NA,NA,NA,NA,NA,NA,NA,NA,NA,NA,NA,NA,NA,NA,NA,NA,NA,NA,NA,NA,NA,NA,NA,NA,1,Quarterly,-119.873895201699,34.4208936917187
NA,Lauren Stiles,2022-05-05T00:00:00Z,Sam D,NEC,NA,FB250,2,63,7,NA,NA,NA,NA,NA,NA,NA,NA,NA,NA,NA,NA,NA,NA,NA,NA,NA,NA,NA,NA,NA,NA,NA,NA,NA,NA,NA,NA,NA,NA,NA,NA,NA,NA,NA,NA,1,NA,NA,NA,NA,NA,NA,winged terrestrial,NA,NA,NA,NA,NA,1,Quarterly,-119.873895201699,34.4208936917187
NA,Alison R,2022-05-06T00:00:00Z,Kristen R,NMC,NA,FB250,NA,2,NA,NA,NA,NA,NA,NA,NA,NA,NA,NA,NA,NA,NA,NA,NA,NA,NA,NA,NA,NA,NA,NA,NA,NA,NA,NA,NA,NA,NA,NA,NA,NA,NA,NA,NA,NA,NA,NA,NA,NA,NA,NA,NA,NA,NA,NA,NA,NA,NA,NA,3,Quarterly,-119.875955139532,34.4196900427342
NA,Lauren  Stiles,2022-05-11T00:00:00Z,Dakota T,NDC,NA,FB250,NA,1,NA,1,NA,NA,NA,NA,NA,NA,NA,NA,NA,NA,NA,NA,NA,NA,NA,NA,NA,NA,NA,NA,NA,NA,NA,NA,NA,NA,NA,NA,NA,NA,NA,NA,NA,NA,NA,NA,NA,NA,NA,NA,NA,NA,NA,NA,NA,NA,NA,NA,7,Quarterly,-119.882993254677,34.4211237991105
NA,Alison R,2022-05-11T00:00:00Z,Vivian Liang,NWP,NA,FB250,NA,NA,NA,NA,NA,NA,NA,NA,NA,NA,NA,NA,NA,NA,NA,NA,NA,NA,NA,NA,NA,NA,NA,NA,NA,NA,NA,NA,NA,NA,NA,NA,NA,NA,NA,NA,NA,NA,NA,NA,NA,NA,NA,NA,NA,NA,NA,NA,NA,NA,NA,NA,8,After Rain,-119.882349524514,34.4212123017849
NA,Lauren Stiles,2022-05-12T00:00:00Z,Wanzhou F,NPB2,NA,FB250,8985,243,NA,NA,NA,NA,NA,NA,NA,NA,NA,NA,NA,NA,NA,NA,NA,NA,NA,NA,NA,NA,NA,NA,NA,NA,NA,NA,NA,NA,NA,NA,NA,NA,NA,NA,NA,NA,NA,1,NA,NA,NA,NA,NA,NA,NA,e,NA,NA,NA,NA,6,Quarterly,-119.880675826088,34.4248762302824
NA,Alison R,2022-05-12T00:00:00Z,Dakota Tyson,NPB,NA,FB 250,8,59,11,5,NA,NA,1,NA,NA,NA,NA,NA,NA,NA,NA,35,NA,1,NA,NA,NA,3,4,NA,NA,NA,NA,NA,NA,NA,NA,NA,NA,NA,NA,NA,NA,NA,NA,NA,NA,NA,NA,NA,NA,NA,NA,NA,NA,NA,NA,NA,4,Quarterly,-119.878980669991,34.4213716063627
NA,Lauren S,2022-05-12T00:00:00Z,Lauren S,NPB2,NA,FB250,NA,177,NA,3708,NA,NA,1,NA,1,NA,NA,1,NA,NA,NA,NA,NA,NA,NA,NA,NA,NA,NA,NA,NA,NA,NA,NA,1,NA,NA,NA,NA,NA,NA,NA,NA,NA,NA,2,NA,NA,NA,NA,NA,NA,NA,NA,NA,NA,NA,NA,6,Quarterly,-119.880675826088,34.4248762302824
NA,Alison R,2022-05-13T00:00:00Z,Molly Tang,NVBR,NA,FB 250,NA,18,1,NA,NA,NA,NA,NA,NA,NA,NA,NA,NA,NA,NA,NA,NA,NA,NA,NA,NA,NA,NA,NA,NA,NA,NA,NA,NA,NA,NA,NA,NA,NA,NA,NA,NA,NA,NA,NA,NA,NA,1,1,NA,2,NA,NA,NA,NA,NA,NA,2,Quarterly,-119.87410977842,34.4175305114216
NA,Kristen R,2022-05-13T00:00:00Z,Breanna Flores,NVBR,NA,FB250,NA,26,6,NA,NA,NA,NA,NA,NA,NA,NA,NA,NA,NA,NA,NA,NA,NA,NA,NA,NA,NA,NA,NA,NA,NA,NA,NA,NA,NA,NA,NA,NA,NA,NA,NA,NA,NA,NA,NA,NA,NA,NA,NA,NA,1,NA,NA,NA,NA,NA,NA,2,Quarterly,-119.87410977842,34.4175305114216
NA,Alison R,2022-08-08T00:00:00Z,"Kylie, Belen and Gary",NPB2,NA,FB250,15,28,NA,3630,NA,NA,1,NA,4,10,90,NA,NA,NA,157,NA,NA,NA,NA,NA,NA,NA,NA,1.0,NA,NA,NA,NA,NA,NA,NA,NA,NA,NA,NA,NA,NA,NA,NA,NA,NA,NA,NA,NA,NA,NA,NA,NA,NA,43,NA,NA,6,Quarterly,-119.880675826088,34.4248762302824
NA,Lauren S,2022-08-10T00:00:00Z,Emily B,NPB,NA,FB250,20,5,NA,2,NA,NA,1,NA,NA,NA,NA,NA,NA,NA,NA,NA,NA,NA,NA,NA,NA,NA,NA,NA,NA,NA,NA,NA,NA,NA,NA,NA,NA,NA,NA,NA,NA,NA,NA,NA,NA,NA,NA,NA,NA,NA,NA,NA,NA,NA,NA,NA,4,Quarterly,-119.878980669991,34.4213716063627
NA,Valeria Estrada,2022-08-12T00:00:00Z,Jorge Palafox/Sophia Long,NVBR,NA,FB250,NA,NA,41,NA,NA,NA,NA,13,NA,NA,NA,NA,NA,NA,NA,NA,NA,1,NA,NA,NA,NA,NA,NA,NA,NA,NA,NA,NA,NA,NA,NA,NA,NA,NA,NA,NA,NA,NA,NA,NA,NA,NA,NA,NA,NA,NA,NA,NA,NA,NA,NA,2,Quarterly,-119.87410977842,34.4175305114216
NA,Sophia Cabral,2022-08-12T00:00:00Z,Breanna Flores,NEC,NA,FB250,NA,NA,NA,NA,NA,NA,NA,NA,NA,NA,NA,NA,NA,NA,NA,NA,NA,NA,NA,NA,NA,NA,NA,NA,NA,NA,NA,NA,NA,NA,NA,NA,NA,NA,NA,NA,NA,NA,NA,NA,NA,NA,NA,NA,NA,NA,1.0,NA,NA,NA,NA,NA,1,Quarterly,-119.873895201699,34.4208936917187
NA,Lauren Stiles,2022-08-12T00:00:00Z,Vivian Liang,NEC,NA,FB250,NA,6,3,NA,NA,NA,NA,1,NA,7,NA,NA,NA,NA,NA,NA,NA,NA,NA,NA,NA,NA,NA,NA,NA,NA,NA,NA,NA,NA,NA,NA,NA,NA,NA,NA,NA,NA,2,1,NA,NA,NA,NA,NA,NA,NA,NA,NA,NA,NA,NA,1,Quarterly,-119.873895201699,34.4208936917187
NA,Lauren Stiles,2022-08-15T00:00:00Z,Vivian Liang,NMC,NA,FB250,1,NA,NA,NA,NA,NA,NA,NA,NA,5,NA,NA,NA,NA,NA,NA,NA,NA,NA,NA,NA,NA,NA,NA,NA,NA,NA,NA,NA,NA,NA,NA,NA,NA,NA,NA,NA,NA,NA,NA,NA,NA,NA,NA,NA,NA,NA,NA,NA,NA,NA,NA,3,Quarterly,-119.875955139532,34.4196900427342
NA,Kristen Russell,2022-11-12T00:00:00Z,Valeria Estrada,NEC,NA,FB250,NA,72,NA,1,NA,NA,NA,NA,NA,NA,NA,NA,NA,NA,NA,NA,NA,NA,NA,NA,NA,NA,NA,NA,NA,NA,NA,NA,NA,NA,NA,NA,NA,NA,NA,NA,NA,NA,NA,NA,NA,NA,NA,NA,NA,NA,NA,NA,NA,NA,NA,NA,1,Quarterly,-119.873895201699,34.4208936917187
NA,Lauren S,2022-11-12T00:00:00Z,Valeria E,NEC,NA,FB250,NA,566,NA,1,NA,NA,NA,NA,NA,NA,NA,NA,NA,NA,NA,NA,NA,NA,NA,NA,NA,NA,NA,NA,NA,NA,NA,NA,NA,NA,NA,NA,NA,NA,NA,NA,NA,NA,NA,1,NA,NA,NA,NA,NA,NA,NA,NA,NA,NA,NA,NA,1,Quarterly,-119.873895201699,34.4208936917187
NA,Kristen Russell,2022-11-18T00:00:00Z,Jackson Hahn-Smith,NVBR,NA,FB250,NA,5,NA,NA,NA,NA,NA,NA,NA,NA,NA,NA,NA,NA,NA,NA,NA,NA,NA,NA,NA,NA,NA,NA,NA,NA,NA,NA,NA,NA,NA,NA,NA,NA,NA,NA,NA,NA,NA,NA,NA,NA,1,NA,NA,NA,NA,NA,NA,NA,NA,NA,2,Quarterly,-119.87410977842,34.4175305114216
NA,Alison R,2022-11-19T00:00:00Z,Lauren Hall,NPB1,NA,FB250,15,2,NA,NA,NA,NA,NA,1,NA,1,NA,NA,NA,NA,NA,NA,NA,NA,NA,NA,NA,NA,NA,NA,NA,NA,NA,NA,NA,NA,NA,NA,NA,NA,NA,NA,NA,NA,NA,NA,NA,NA,NA,NA,NA,NA,NA,NA,NA,NA,NA,NA,5,Quarterly,-119.879130873696,34.4224159288559
NA,Kristen R,2022-11-19T00:00:00Z,Kaitlyn Briggs,NDC,NA,FB250,45,190,NA,NA,NA,NA,NA,NA,1,NA,NA,NA,NA,NA,NA,NA,NA,NA,NA,NA,NA,NA,NA,1.0,NA,NA,NA,NA,NA,NA,NA,NA,NA,NA,NA,NA,NA,NA,NA,10,NA,NA,NA,NA,NA,NA,NA,NA,NA,NA,NA,NA,7,Quarterly,-119.882993254677,34.4211237991105
NA,Kristen R,2023-01-28T00:00:00Z,Emily B,NPB1,NA,FB250,NA,3,NA,2,1,NA,4,NA,NA,NA,NA,NA,NA,NA,NA,NA,NA,1,NA,NA,1,NA,NA,NA,NA,NA,NA,NA,1,NA,NA,NA,NA,NA,NA,NA,NA,NA,NA,NA,NA,NA,NA,NA,NA,NA,NA,NA,NA,NA,NA,NA,5,Quarterly,-119.879130873696,34.4224159288559
NA,Delaney O'Donnell,2023-02-12T00:00:00Z,Sophia Long,NEC,NA,FB250,16,225,15,1,NA,NA,3,NA,NA,NA,NA,NA,NA,NA,NA,NA,NA,1,NA,NA,NA,NA,NA,NA,NA,NA,NA,NA,NA,NA,NA,NA,NA,NA,NA,NA,NA,NA,NA,NA,NA,NA,NA,NA,NA,NA,NA,NA,1,NA,2,2 unknown green tubes,1,Quarterly,-119.873895201699,34.4208936917187
NA,Kristen R,2023-02-21T00:00:00Z,Emily B,NEC,NA,FB250,NA,159,NA,3,NA,NA,NA,NA,NA,NA,NA,NA,NA,NA,NA,NA,NA,NA,NA,NA,NA,NA,NA,NA,NA,NA,NA,NA,NA,NA,NA,NA,NA,NA,NA,NA,NA,NA,NA,NA,NA,NA,NA,NA,NA,NA,NA,NA,NA,NA,NA,NA,1,Quarterly,-119.873895201699,34.4208936917187
NA,Delaney O'Donnell,2023-02-24T00:00:00Z,Breanna Flores,NVP4,NA,FB250,NA,NA,NA,3,NA,NA,NA,NA,NA,NA,NA,NA,2,NA,1,NA,NA,NA,NA,NA,NA,NA,NA,NA,NA,NA,NA,NA,NA,NA,NA,NA,NA,NA,NA,NA,NA,NA,16,NA,NA,NA,16,NA,NA,NA,NA,NA,NA,NA,NA,"5 ants, 11 aphids",9,After Rain,-119.880949411571,34.419069035776
NA,Kristen R,2023-02-27T00:00:00Z,Kaitlyn Briggs,NVP2,NA,FB250,533,406,NA,2450,NA,NA,1,NA,NA,NA,NA,NA,NA,NA,NA,NA,NA,NA,NA,NA,38,NA,NA,NA,NA,NA,NA,NA,38,NA,NA,NA,NA,NA,NA,NA,NA,NA,NA,4,NA,NA,NA,NA,NA,NA,NA,NA,NA,NA,NA,NA,10,After Rain,-119.87988189222,34.4194776322913
NA,Sophia cabral,2023-02-27T00:00:00Z,Kaitlyn Briggs,NVP4,NA,FB250,1,31,NA,10,NA,NA,NA,NA,NA,NA,NA,NA,NA,NA,NA,NA,NA,NA,NA,NA,NA,NA,NA,NA,NA,NA,NA,NA,NA,NA,NA,NA,NA,NA,NA,NA,NA,NA,NA,NA,NA,NA,NA,NA,NA,NA,NA,NA,NA,NA,NA,"Sample missing, unable to check. 15 aphids",9,After Rain,-119.880949411571,34.419069035776
NA,Kristen R,2023-02-27T00:00:00Z,Kaitlyn Briggs,NVP4,NA,FB250,1,31,NA,10,NA,NA,NA,NA,NA,NA,NA,NA,NA,NA,NA,NA,NA,NA,NA,NA,NA,NA,NA,NA,NA,NA,NA,NA,NA,NA,NA,NA,NA,NA,NA,NA,NA,NA,NA,22,NA,NA,NA,NA,NA,NA,NA,NA,NA,NA,NA,NA,9,After Rain,-119.880949411571,34.419069035776
NA,Kristen R,2023-02-28T00:00:00Z,Emily B,NPB1,NA,FB250,NA,1,NA,NA,NA,NA,NA,NA,NA,NA,NA,NA,NA,NA,NA,NA,NA,NA,NA,NA,2,NA,NA,NA,NA,NA,NA,NA,2,NA,NA,NA,NA,NA,NA,NA,NA,NA,NA,NA,NA,NA,NA,NA,NA,NA,NA,NA,NA,NA,NA,NA,5,Quarterly,-119.879130873696,34.4224159288559
NA,Kristen R,2023-02-28T00:00:00Z,Belen Baldelli,NPB,NA,FB250,1,34,NA,NA,NA,NA,NA,NA,NA,NA,NA,NA,NA,NA,NA,NA,NA,NA,NA,NA,26,26,NA,NA,NA,NA,NA,NA,NA,NA,NA,NA,NA,NA,NA,NA,NA,NA,NA,NA,NA,NA,NA,NA,NA,NA,NA,NA,NA,NA,NA,NA,4,Quarterly,-119.878980669991,34.4213716063627
NA,Kristen R,2023-02-28T00:00:00Z,Kaitlyn Briggs,NPB,NA,FB250,18,31,NA,1,NA,NA,NA,NA,NA,NA,NA,NA,NA,NA,NA,NA,NA,1,NA,NA,18,NA,NA,NA,NA,NA,1,NA,17,NA,NA,NA,NA,NA,NA,NA,NA,NA,NA,2,NA,NA,NA,NA,NA,NA,NA,NA,NA,NA,NA,NA,4,Quarterly,-119.878980669991,34.4213716063627
NA,Emma Sayre,2023-03-03T00:00:00Z,Kaitlyn Briggs,NDC,NA,FB250,43,46,NA,158,NA,NA,NA,NA,NA,NA,NA,NA,NA,NA,NA,NA,NA,NA,NA,NA,NA,NA,NA,NA,NA,NA,NA,NA,NA,NA,NA,NA,NA,NA,NA,NA,NA,NA,12,1,NA,NA,4,NA,NA,NA,NA,NA,NA,NA,NA,NA,7,Quarterly,-119.882993254677,34.4211237991105
NA,Sophia Cabral,2023-03-03T00:00:00Z,Belen Baldelli,NWP,NA,FB250,1436,114,NA,5800,NA,NA,2,NA,NA,NA,NA,NA,NA,NA,NA,NA,NA,NA,NA,NA,NA,NA,NA,NA,3,NA,NA,NA,NA,NA,NA,NA,NA,NA,NA,NA,NA,NA,3,NA,NA,NA,4,NA,NA,NA,2.0,NA,NA,NA,NA,NA,8,After Rain,-119.882349524514,34.4212123017849
NA,Kristen R,2023-03-03T00:00:00Z,Kaitlyn Briggs,NPB2,NA,FB250,1,4,NA,NA,NA,NA,2,NA,NA,NA,NA,NA,NA,NA,NA,NA,NA,1,NA,NA,NA,NA,NA,NA,NA,NA,NA,NA,NA,NA,NA,NA,NA,NA,NA,NA,NA,NA,NA,1,NA,NA,NA,NA,NA,NA,NA,NA,NA,NA,NA,NA,6,Quarterly,-119.880675826088,34.4248762302824
NA,Emma Sayre,2023-05-04T00:00:00Z,Kaitlyn Briggs,NMC,NA,FB250,14,515,NA,NA,NA,NA,14,2,NA,NA,NA,NA,NA,NA,NA,NA,NA,NA,NA,6,NA,NA,NA,NA,NA,NA,NA,NA,NA,NA,NA,NA,NA,NA,NA,NA,NA,NA,1,NA,NA,NA,NA,NA,NA,NA,NA,NA,NA,NA,NA,NA,3,Quarterly,-119.875955139532,34.4196900427342
NA,Kristen R,2023-05-04T00:00:00Z,Emily B,NEC,NA,FB250,5,86,NA,NA,NA,NA,1,NA,NA,NA,NA,NA,NA,NA,NA,NA,NA,NA,NA,NA,NA,NA,NA,NA,NA,NA,NA,NA,NA,NA,NA,NA,NA,NA,NA,NA,NA,NA,NA,NA,NA,NA,NA,NA,NA,NA,NA,NA,NA,NA,NA,NA,1,Quarterly,-119.873895201699,34.4208936917187
NA,Kristen R,2023-05-04T00:00:00Z,Breanna Flores,NMC,NA,FB250,NA,195,NA,NA,NA,NA,NA,NA,NA,NA,NA,NA,NA,NA,NA,NA,NA,NA,NA,NA,NA,NA,NA,NA,NA,NA,NA,NA,NA,NA,NA,NA,NA,NA,NA,NA,NA,NA,NA,NA,NA,NA,NA,NA,NA,NA,NA,NA,NA,NA,NA,NA,3,Quarterly,-119.875955139532,34.4196900427342
NA,Kristen R,2023-05-04T00:00:00Z,Lily Strange,NEC,NA,FB250,NA,190,NA,1,NA,NA,NA,NA,NA,NA,NA,1,NA,NA,NA,NA,NA,NA,NA,NA,NA,NA,NA,NA,NA,NA,NA,NA,NA,NA,NA,NA,NA,NA,NA,NA,NA,NA,NA,5,NA,NA,NA,NA,NA,NA,NA,NA,NA,NA,NA,NA,1,Quarterly,-119.873895201699,34.4208936917187
NA,Kristen R,2023-05-05T00:00:00Z,Belen,NPB,NA,FB250,185,75,NA,24,NA,NA,23,NA,NA,NA,NA,NA,NA,NA,NA,NA,NA,NA,NA,NA,9,9,NA,NA,NA,NA,NA,NA,NA,NA,NA,NA,NA,NA,NA,NA,NA,NA,NA,NA,NA,NA,NA,NA,NA,NA,NA,NA,NA,NA,NA,NA,4,Quarterly,-119.878980669991,34.4213716063627
NA,Valeria Estrada,2023-05-06T00:00:00Z,Breanna Flores,NWP,NA,FB250,225,5,2,21,NA,NA,NA,NA,NA,NA,NA,NA,NA,NA,NA,NA,NA,NA,NA,NA,NA,NA,NA,NA,NA,NA,NA,NA,NA,NA,NA,NA,NA,NA,NA,NA,NA,NA,NA,NA,NA,NA,NA,NA,NA,NA,NA,NA,NA,NA,NA,"broken ostracods in vial; ""Unkown"" sample is ostracods;",8,After Rain,-119.882349524514,34.4212123017849
NA,Lauren S,2023-05-06T00:00:00Z,Belen,NDC,NA,FB250,420,3,NA,51,NA,NA,NA,NA,NA,NA,NA,NA,NA,NA,NA,NA,NA,NA,NA,NA,NA,NA,NA,NA,NA,NA,NA,NA,NA,NA,NA,NA,NA,NA,NA,NA,NA,NA,NA,NA,NA,NA,NA,NA,NA,NA,NA,NA,NA,NA,NA,NA,7,Quarterly,-119.882993254677,34.4211237991105
NA,Kristen R,2023-05-16T00:00:00Z,Kaitlyn Briggs,NVBR,NA,FB250,NA,21,2,NA,NA,NA,1,NA,NA,NA,NA,NA,NA,NA,NA,NA,NA,NA,NA,NA,NA,NA,NA,NA,NA,NA,NA,NA,NA,NA,NA,NA,NA,NA,NA,NA,NA,NA,NA,NA,NA,NA,NA,NA,NA,NA,NA,NA,NA,NA,NA,NA,2,Quarterly,-119.87410977842,34.4175305114216
NA,Lauren S,2023-05-16T00:00:00Z,Belen,NVBR,NA,FB250,1,109,10,NA,NA,NA,1,NA,NA,NA,NA,1,NA,NA,NA,NA,NA,NA,NA,NA,NA,1,NA,NA,NA,NA,NA,NA,NA,NA,NA,NA,NA,NA,NA,NA,NA,NA,NA,NA,NA,NA,NA,NA,NA,NA,"spilled some of this sample while checking, but was able to check all of it",NA,NA,NA,NA,NA,2,Quarterly,-119.87410977842,34.4175305114216
NA,Kylie Malone,2023-06-06T00:00:00Z,Kylie Malone,NPB1,NA,SW250,58,405,NA,2,NA,NA,200,NA,NA,NA,NA,NA,NA,NA,444,NA,NA,NA,NA,NA,NA,NA,NA,NA,NA,NA,NA,NA,NA,NA,NA,NA,NA,NA,NA,NA,NA,NA,2,892,NA,NA,NA,NA,NA,NA,NA,NA,NA,NA,NA,NA,5,Quarterly,-119.879130873696,34.4224159288559
NA,Valeria Estrada,2023-06-06T00:00:00Z,Emily Bredy,NPB1,NA,FB250,4,197,NA,1,NA,NA,20,NA,NA,NA,4,NA,NA,NA,265,NA,NA,NA,NA,2,NA,NA,NA,NA,NA,NA,NA,NA,NA,NA,NA,NA,NA,NA,NA,NA,NA,NA,NA,43,NA,NA,NA,NA,NA,NA,NA,NA,NA,460,NA,NA,5,Quarterly,-119.879130873696,34.4224159288559
NA,Emma Sayre,2023-07-17T00:00:00Z,Kate Geenen,NPB,NA,FB250,34,4,NA,NA,NA,NA,24,NA,NA,NA,NA,NA,NA,NA,2,NA,NA,NA,NA,NA,NA,NA,NA,NA,NA,NA,NA,NA,NA,NA,NA,NA,NA,NA,NA,NA,NA,NA,NA,NA,NA,NA,NA,NA,NA,NA,NA,NA,NA,NA,NA,"""Scrape rock"" sample, two gastropod shells in sorted vial; big forceps used to add ostracods, so some might be broken",4,Quarterly,-119.878980669991,34.4213716063627
NA,Kylie Malone,2023-08-03T00:00:00Z,Theo Jiang/Kylie M.,NPB1,NA,SW250,12,1,1,33,NA,NA,5,1,NA,2,NA,NA,2,NA,96,NA,NA,NA,NA,NA,NA,NA,NA,NA,NA,NA,NA,NA,NA,NA,NA,NA,NA,NA,NA,NA,NA,NA,2,326,NA,NA,8,NA,NA,NA,NA,NA,NA,NA,NA,NA,5,Quarterly,-119.879130873696,34.4224159288559
NA,Valeria Estrada,2023-08-12T00:00:00Z,Isla Andersen,NEC,NA,FB250,NA,255,34,NA,NA,NA,NA,NA,NA,NA,NA,NA,NA,NA,NA,NA,NA,NA,NA,NA,NA,NA,NA,NA,NA,NA,NA,NA,NA,NA,NA,NA,NA,NA,NA,NA,NA,NA,NA,NA,NA,NA,NA,NA,NA,NA,NA,NA,NA,NA,NA,NA,1,Quarterly,-119.873895201699,34.4208936917187
NA,Sophia Cabral,2023-08-12T00:00:00Z,Desiree,NEC,NA,FB250,NA,NA,140,NA,NA,NA,1,11,NA,NA,NA,NA,NA,NA,NA,NA,NA,NA,NA,NA,NA,NA,NA,NA,NA,NA,NA,NA,NA,NA,NA,NA,NA,NA,NA,NA,NA,NA,NA,NA,NA,NA,NA,NA,NA,NA,NA,NA,1,NA,NA,"53 coleotpera, 318 copepod, and 167 ostracod unaccounted for- may be missing a vial",1,Quarterly,-119.873895201699,34.4208936917187
NA,Kylie Malone,2023-08-30T00:00:00Z,Theo Jiang/Kylie M.,NPB,NA,SW250,118,2,1,NA,NA,NA,11,2,NA,NA,NA,NA,NA,NA,4,NA,NA,NA,NA,NA,NA,NA,NA,NA,4,NA,NA,NA,NA,NA,NA,NA,NA,NA,NA,NA,NA,NA,NA,2,NA,NA,1,NA,NA,NA,NA,NA,NA,NA,NA,1 aphid,4,Quarterly,-119.878980669991,34.4213716063627
NA,Delaney O'Donnell,2023-08-30T00:00:00Z,Kate Green,NPB,NA,SW250,NA,8,1,NA,1,NA,35,12,NA,NA,NA,NA,NA,NA,3,NA,NA,NA,NA,1,NA,NA,NA,NA,NA,2,NA,NA,NA,NA,NA,1,NA,NA,NA,NA,NA,NA,NA,NA,NA,NA,NA,NA,NA,NA,NA,NA,NA,NA,NA,7/8 Nematodes not present,4,Quarterly,-119.878980669991,34.4213716063627
NA,Valeria Estrada,2023-08-30T00:00:00Z,Alan Gonzalez,NPB,NA,SW250,NA,NA,NA,NA,NA,NA,2,1,1,NA,NA,NA,NA,NA,NA,NA,NA,NA,NA,NA,NA,NA,NA,NA,NA,NA,NA,NA,NA,NA,NA,NA,NA,NA,NA,NA,NA,NA,NA,NA,NA,NA,NA,NA,NA,NA,NA,NA,NA,NA,1,NA,4,Quarterly,-119.878980669991,34.4213716063627
NA,Sophia Cabral,2023-09-12T00:00:00Z,Kate Geenen,NVBR,NA,FB250,NA,NA,NA,NA,NA,NA,1,4,NA,NA,NA,NA,NA,NA,23,NA,NA,NA,NA,NA,NA,NA,NA,NA,NA,NA,NA,NA,NA,NA,NA,NA,NA,NA,NA,NA,NA,NA,NA,NA,NA,NA,NA,NA,NA,NA,NA,NA,NA,NA,NA,NA,2,Quarterly,-119.87410977842,34.4175305114216
NA,Sophia Cabral,2023-09-15T00:00:00Z,Sophia Long,NMC,NA,FB250,3,3,2,NA,NA,NA,NA,NA,NA,NA,NA,NA,NA,NA,NA,NA,NA,NA,NA,NA,NA,NA,NA,NA,NA,NA,NA,NA,NA,NA,NA,NA,NA,NA,NA,NA,NA,NA,NA,NA,NA,NA,NA,NA,NA,NA,NA,NA,NA,NA,NA,NA,3,Quarterly,-119.875955139532,34.4196900427342
NA,Jasmine R,2023-10-08T00:00:00Z,Jasmine R,NPB,(1/3),SW250,18,NA,NA,NA,NA,NA,NA,NA,1,NA,NA,NA,NA,NA,NA,NA,NA,NA,NA,NA,NA,NA,NA,3.0,NA,NA,NA,NA,NA,NA,NA,NA,NA,NA,NA,NA,2,NA,NA,NA,NA,NA,16,NA,NA,NA,5.0,NA,NA,NA,NA,28.0,4,Quarterly,-119.878980669991,34.4213716063627
NA,Kylie Malone,2023-10-30T00:00:00Z,Sophia Long,NPB1,NA,SW250,37,4,NA,NA,405,NA,8,NA,NA,NA,NA,NA,NA,NA,NA,NA,NA,NA,NA,18,NA,NA,NA,NA,NA,NA,NA,NA,NA,NA,NA,NA,NA,NA,NA,NA,NA,NA,NA,186,NA,NA,12,NA,NA,NA,NA,NA,NA,NA,NA,NA,5,Quarterly,-119.879130873696,34.4224159288559
NA,Valeria Estrada,2023-11-11T00:00:00Z,Lana Marshall,NEC,NA,FB 250,NA,4,74,NA,NA,NA,NA,1,NA,NA,NA,NA,NA,NA,NA,NA,NA,1,NA,NA,NA,NA,NA,NA,NA,NA,NA,NA,NA,NA,NA,NA,NA,NA,NA,NA,NA,NA,NA,NA,NA,NA,NA,NA,NA,NA,NA,NA,NA,NA,NA,NA,1,Quarterly,-119.873895201699,34.4208936917187
NA,Emma Sayre,2023-11-11T00:00:00Z,Ella Heidman Pinkner,NEC,NA,SW500,NA,NA,121,NA,NA,NA,NA,1,NA,NA,NA,NA,NA,NA,NA,NA,NA,NA,NA,NA,NA,NA,NA,NA,NA,NA,NA,NA,NA,NA,NA,NA,NA,NA,NA,NA,NA,NA,NA,NA,NA,NA,NA,NA,NA,NA,NA,NA,NA,NA,NA,NA,1,Quarterly,-119.873895201699,34.4208936917187
NA,Sophia Cabral,2023-11-12T00:00:00Z,Chris Hyder,NMC,NA,FB250,4,NA,1,NA,NA,NA,NA,NA,NA,NA,NA,NA,NA,NA,NA,NA,NA,NA,NA,NA,NA,NA,NA,NA,NA,NA,NA,NA,NA,NA,NA,NA,NA,NA,NA,NA,NA,NA,NA,NA,NA,NA,NA,1,NA,NA,NA,NA,NA,NA,NA,NA,3,Quarterly,-119.875955139532,34.4196900427342
NA,Sophia Cabral,2023-11-12T00:00:00Z,no name,NMC,NA,FB250 core,NA,NA,NA,NA,NA,NA,NA,NA,NA,NA,NA,NA,NA,NA,NA,NA,NA,NA,NA,NA,NA,NA,NA,NA,NA,NA,NA,NA,NA,NA,NA,NA,NA,NA,NA,NA,NA,NA,NA,NA,NA,NA,NA,NA,NA,NA,NA,NA,NA,NA,NA,1 unknown green tube,3,Quarterly,-119.875955139532,34.4196900427342
NA,Delaney O'Donnell,2023-11-14T00:00:00Z,Darren Justeson,NPB,NA,FB250,135,200,NA,390,NA,NA,10,6,1,NA,NA,NA,NA,NA,104,NA,NA,NA,NA,NA,NA,NA,NA,NA,2,NA,NA,NA,NA,NA,NA,NA,NA,NA,NA,NA,NA,NA,1,NA,NA,NA,5,NA,NA,NA,NA,NA,NA,NA,NA,NA,4,Quarterly,-119.878980669991,34.4213716063627
NA,Kylie Malone,2023-11-19T00:00:00Z,Rebecca Baumann,NPB,46025.0,SW250,145,26,NA,41,NA,11,10,3,NA,NA,NA,NA,NA,NA,15,NA,NA,NA,NA,NA,NA,NA,NA,1.0,NA,NA,NA,NA,NA,NA,NA,NA,NA,NA,NA,NA,NA,NA,7,NA,NA,NA,401,NA,NA,NA,NA,NA,1,NA,NA,NA,4,Quarterly,-119.878980669991,34.4213716063627
NA,Kylie Malone,2023-11-19T00:00:00Z,Jasmine Rebollar,NPB,46056.0,SW250,1,NA,NA,NA,NA,NA,12,NA,NA,NA,NA,NA,NA,NA,9,NA,NA,NA,NA,NA,NA,NA,NA,NA,NA,NA,NA,NA,NA,NA,NA,NA,NA,NA,NA,NA,4,NA,NA,NA,NA,1,16,NA,NA,NA,NA,NA,NA,NA,5,NA,4,Quarterly,-119.878980669991,34.4213716063627
2024-12-08T00:00:00Z,Kylie Malone,2023-11-19T00:00:00Z,Luke Rutherford / Elyse / Kylie,NPB,46084.0,SW250,53,13,NA,19,NA,NA,3,NA,1,NA,NA,NA,NA,NA,10,NA,NA,NA,NA,NA,NA,NA,NA,NA,NA,NA,NA,NA,NA,1,NA,NA,NA,NA,NA,NA,NA,NA,6,NA,NA,NA,33,NA,NA,NA,NA,NA,NA,NA,NA,2 Diptera are Dolichopodidae; 33 Aphids,4,Quarterly,-119.878980669991,34.4213716063627
2024-12-14T00:00:00Z,Valeria Estrada,2024-01-13T00:00:00Z,Chris Hyder,NPB1,NA,SW250,15,10,NA,10,58,NA,3,1,NA,6,NA,NA,NA,NA,10,NA,NA,NA,NA,65,NA,NA,NA,NA,NA,NA,NA,NA,NA,NA,NA,NA,NA,NA,NA,NA,NA,NA,NA,83,NA,NA,NA,NA,NA,NA,NA,2.0,NA,NA,NA,NA,5,Quarterly,-119.879130873696,34.4224159288559
2024-12-14T00:00:00Z,Elyse Hartmann,2024-01-19T00:00:00Z,NA,NMC,NA,Algae,3,8,NA,NA,NA,NA,27,14,NA,NA,NA,NA,NA,NA,NA,NA,NA,NA,NA,8,NA,NA,NA,NA,NA,NA,NA,NA,NA,NA,NA,NA,NA,NA,NA,NA,NA,NA,NA,NA,NA,NA,NA,NA,NA,NA,NA,NA,NA,NA,NA,*check for missing organisms on sorting sheets,3,Quarterly,-119.875955139532,34.4196900427342
2024-12-14T00:00:00Z,Delaney O'Donnell,2024-01-28T00:00:00Z,Emma Skoglund,NPB,NA,SW250,49,145,NA,NA,6,NA,8,NA,NA,NA,NA,NA,1,NA,4,NA,NA,NA,NA,10,NA,NA,NA,NA,NA,NA,NA,NA,NA,NA,NA,NA,NA,NA,NA,NA,NA,NA,NA,NA,NA,NA,1,NA,NA,NA,NA,NA,NA,NA,NA,NA,4,Quarterly,-119.878980669991,34.4213716063627
2024-12-14T00:00:00Z,Jasmine R,2024-01-28T00:00:00Z,Ella Heidman-Pinkner,NPB,NA,SW250,89,100,NA,NA,NA,NA,NA,NA,NA,NA,NA,NA,NA,NA,2,NA,NA,NA,NA,NA,NA,NA,NA,NA,NA,NA,NA,NA,NA,NA,NA,NA,NA,NA,NA,NA,NA,NA,NA,NA,NA,NA,NA,NA,NA,NA,NA,NA,NA,NA,NA,"3 of 3, original sort had 226 copepods, only found 100",4,Quarterly,-119.878980669991,34.4213716063627
2024-12-14T00:00:00Z,Kylie Malone,2024-01-28T00:00:00Z,Desiree Vu De Leon,NPB,NA,FB250,25,3302,NA,NA,NA,NA,NA,NA,NA,NA,NA,NA,NA,NA,1,NA,NA,NA,NA,NA,NA,NA,NA,NA,NA,NA,NA,NA,NA,NA,NA,NA,NA,NA,NA,NA,NA,NA,NA,1,NA,NA,NA,NA,NA,NA,NA,NA,NA,NA,NA,Gastropod = Gyraulus,4,Quarterly,-119.878980669991,34.4213716063627
2024-12-14T00:00:00Z,Kylie Malone,2024-01-28T00:00:00Z,Natalie Ramirez,NPB,NA,SW250,7,96,NA,NA,NA,NA,NA,NA,NA,NA,NA,NA,NA,NA,NA,NA,NA,NA,NA,NA,NA,NA,NA,NA,NA,NA,NA,NA,NA,NA,NA,NA,NA,NA,NA,NA,NA,NA,1,NA,NA,NA,NA,NA,NA,NA,NA,NA,NA,NA,NA,NA,4,Quarterly,-119.878980669991,34.4213716063627
2024-12-14T00:00:00Z,Kylie Malone,2024-02-10T00:00:00Z,Alexa,NEC,NA,SW500,NA,NA,11,NA,NA,NA,1,NA,NA,NA,NA,NA,NA,NA,NA,NA,NA,NA,NA,NA,NA,NA,NA,NA,NA,NA,NA,NA,NA,NA,NA,NA,NA,NA,NA,NA,NA,NA,NA,NA,NA,NA,1,NA,NA,NA,NA,NA,NA,NA,NA,NA,1,Quarterly,-119.873895201699,34.4208936917187
2024-12-14T00:00:00Z,Jasmine R,2024-02-10T00:00:00Z,Natalie Ramirez,NWP,NA,SW500,58,16,19,NA,NA,NA,NA,NA,NA,NA,2,NA,NA,NA,NA,NA,NA,NA,NA,NA,NA,NA,NA,NA,NA,NA,NA,NA,NA,NA,NA,NA,NA,NA,NA,NA,NA,NA,NA,NA,NA,NA,1,NA,NA,NA,38.0,NA,NA,NA,NA,NA,8,After Rain,-119.882349524514,34.4212123017849
2025-02-19T00:00:00Z,Jasmine R,2024-02-10T00:00:00Z,Chris Hyder,NMC,NA,SW500,113,13,NA,NA,1,NA,1,2,NA,NA,NA,NA,NA,NA,NA,NA,NA,NA,NA,3,NA,NA,NA,1.0,NA,NA,NA,NA,NA,NA,NA,NA,NA,NA,NA,NA,NA,NA,NA,1,NA,NA,NA,NA,NA,NA,NA,NA,NA,NA,NA,3 hirudinea (leeches) found,3,Quarterly,-119.875955139532,34.4196900427342
2025-02-19T00:00:00Z,Jasmine R,2024-02-10T00:00:00Z,Arianna Huang,NDC,NA,SW500,112,62,5,42,NA,NA,17,NA,1,NA,NA,NA,NA,NA,3,NA,NA,NA,NA,NA,NA,NA,NA,NA,NA,NA,NA,NA,NA,NA,NA,NA,NA,NA,NA,NA,NA,NA,NA,7,NA,NA,2,NA,NA,NA,NA,NA,NA,NA,NA,note: there were white spiral shells of some sort,7,Quarterly,-119.882993254677,34.4211237991105
2024-11-23T00:00:00Z,Jasmine R,2024-02-10T00:00:00Z,Maura + Kylie,NVP2,NA,SW500,1057,68,NA,NA,6,NA,NA,NA,NA,NA,5,NA,NA,NA,NA,NA,NA,NA,NA,NA,NA,NA,1,1.0,NA,NA,NA,NA,NA,NA,NA,NA,NA,NA,NA,NA,NA,NA,NA,NA,NA,NA,1,NA,NA,NA,NA,NA,NA,NA,2,"5 tadpoles, 10 biting midges, 946 Daphnia",10,After Rain,-119.87988189222,34.4194776322913
2025-03-03T00:00:00Z,Jasmine R,2024-02-25T00:00:00Z,Ava Bendett + Araceli,NPB1,NA,SW250,NA,NA,NA,NA,NA,NA,5,NA,NA,NA,NA,NA,NA,NA,NA,NA,NA,NA,NA,NA,NA,NA,NA,NA,NA,NA,NA,NA,NA,NA,NA,NA,NA,NA,NA,NA,NA,NA,NA,NA,NA,NA,NA,NA,NA,NA,NA,NA,NA,NA,NA,NA,5,Quarterly,-119.879130873696,34.4224159288559
2024-12-13T00:00:00Z,Elyse Hartmann,2024-03-08T00:00:00Z,Emma Sayre,NEC,NA,Algae,2,NA,NA,NA,NA,NA,NA,NA,NA,NA,NA,NA,NA,NA,NA,NA,NA,NA,NA,NA,NA,NA,NA,NA,NA,NA,NA,NA,NA,NA,NA,NA,NA,NA,NA,NA,NA,NA,NA,NA,NA,NA,NA,NA,NA,NA,NA,NA,NA,NA,NA,NA,1,Quarterly,-119.873895201699,34.4208936917187
2025-03-03T00:00:00Z,Kylie Malone,2024-03-17T00:00:00Z,Kylie Malone,NPB,NA,SW250,95,86,NA,3,NA,NA,1,NA,NA,NA,NA,NA,NA,NA,NA,NA,NA,NA,NA,2,NA,NA,NA,NA,NA,NA,NA,NA,NA,NA,NA,NA,NA,NA,NA,NA,NA,NA,NA,NA,NA,NA,NA,NA,NA,NA,NA,NA,NA,NA,NA,NA,4,Quarterly,-119.878980669991,34.4213716063627
2024-12-13T00:00:00Z,Elyse Hartmann,2024-04-16T00:00:00Z,Alexa,NMC,NA,Algae,1,13,NA,NA,NA,NA,3,NA,2,NA,NA,NA,3,NA,NA,NA,NA,NA,NA,13,15,NA,NA,"** water mites, check this",NA,NA,NA,NA,NA,NA,NA,NA,NA,NA,NA,NA,NA,NA,NA,NA,NA,NA,NA,NA,NA,NA,NA,NA,NA,NA,NA,37 lavender springtail larva,3,Quarterly,-119.875955139532,34.4196900427342
2025-03-03T00:00:00Z,Jasmine R,2024-05-02T00:00:00Z,Melina Axelrad,NVBR,NA,SAV,NA,NA,NA,NA,NA,NA,3,NA,NA,NA,NA,NA,NA,NA,NA,NA,NA,NA,NA,NA,NA,NA,NA,NA,NA,NA,NA,NA,NA,NA,NA,NA,NA,NA,NA,NA,NA,NA,NA,NA,NA,NA,NA,NA,NA,NA,NA,NA,NA,NA,NA,NA,2,Quarterly,-119.87410977842,34.4175305114216
2025-03-03T00:00:00Z,Sophie Serruya,2024-05-02T00:00:00Z,Alyssa Ambrosini,NEC,NA,SAV,1,1,NA,NA,3,NA,3,NA,NA,NA,NA,NA,NA,NA,NA,NA,NA,NA,NA,1,NA,NA,NA,NA,NA,NA,NA,NA,NA,NA,NA,NA,NA,NA,NA,NA,NA,NA,NA,NA,NA,NA,NA,NA,NA,NA,NA,NA,NA,NA,NA,NA,1,Quarterly,-119.873895201699,34.4208936917187
2025-03-03T00:00:00Z,Jasmine R,2024-05-11T00:00:00Z,Kalin Zobel,NPB,NA,SW250,22,78,NA,9,NA,NA,NA,NA,NA,NA,NA,NA,NA,NA,NA,NA,NA,NA,NA,2,NA,NA,NA,NA,NA,NA,NA,NA,NA,NA,NA,NA,NA,NA,NA,NA,NA,NA,NA,NA,NA,NA,NA,NA,NA,NA,NA,NA,NA,NA,NA,sample vial has been misplaced,4,Quarterly,-119.878980669991,34.4213716063627
2025-03-09T00:00:00Z,Jasmine R,2024-05-11T00:00:00Z,Kirya Wagner,NPB,46024.0,SW500,NA,NA,NA,NA,NA,NA,6,NA,NA,NA,NA,NA,NA,NA,4,NA,NA,NA,NA,NA,NA,NA,NA,NA,NA,NA,NA,NA,NA,NA,NA,NA,NA,NA,NA,NA,NA,NA,NA,NA,NA,NA,NA,NA,NA,NA,NA,NA,NA,NA,NA,NA,4,Quarterly,-119.878980669991,34.4213716063627
2025-05-22T00:00:00Z,Kylie Malone,2024-05-11T00:00:00Z,Kai Suzuki,NPB1,NA,SW250,1,6,NA,NA,NA,NA,8,NA,NA,NA,NA,NA,NA,NA,4,NA,NA,NA,NA,NA,NA,NA,NA,NA,NA,NA,NA,NA,NA,NA,NA,NA,NA,NA,NA,NA,1,NA,1,NA,NA,NA,1,NA,NA,NA,NA,NA,NA,NA,NA,NA,5,Quarterly,-119.879130873696,34.4224159288559
2025-03-03T00:00:00Z,Jasmine R,2024-05-11T00:00:00Z,Owen Eclweiler,NPB1,NA,SW500,NA,NA,NA,NA,NA,NA,4,NA,NA,NA,NA,NA,NA,NA,25,NA,NA,NA,NA,NA,NA,NA,NA,NA,NA,NA,NA,NA,NA,NA,NA,NA,NA,NA,NA,NA,NA,NA,NA,NA,NA,NA,NA,NA,NA,NA,NA,NA,NA,7,NA,NA,5,Quarterly,-119.879130873696,34.4224159288559
2025-03-03T00:00:00Z,Kylie Malone,2024-05-17T00:00:00Z,Owen Eckweiler,NMC,NA,SW500,NA,NA,1,NA,NA,2,NA,NA,NA,NA,NA,NA,NA,NA,NA,NA,NA,NA,NA,NA,NA,NA,NA,1.0,NA,NA,NA,NA,NA,1,NA,NA,NA,NA,NA,NA,NA,NA,NA,NA,NA,NA,1,NA,NA,NA,NA,NA,NA,NA,NA,NA,3,Quarterly,-119.875955139532,34.4196900427342
2024-12-09T00:00:00Z,Jasmine R,2024-05-17T00:00:00Z,NA,NEC,NA,SW500,NA,NA,13,NA,2,NA,1,NA,NA,NA,NA,NA,NA,NA,NA,NA,NA,NA,NA,34,NA,NA,NA,NA,NA,NA,NA,NA,NA,NA,NA,NA,NA,NA,NA,NA,NA,NA,NA,NA,NA,NA,NA,NA,NA,NA,NA,NA,NA,NA,NA,3 Diptera are Dolichopodidae,1,Quarterly,-119.873895201699,34.4208936917187
2024-12-09T00:00:00Z,Alison R,2024-06-01T00:00:00Z,Luke Rutherford and Sophie Serruya,NVBR,NA,Algae,9,11,NA,NA,NA,NA,NA,NA,NA,NA,NA,NA,NA,NA,NA,NA,NA,NA,NA,NA,NA,NA,NA,NA,NA,NA,NA,NA,NA,NA,NA,NA,NA,NA,NA,NA,NA,NA,NA,NA,NA,NA,NA,NA,NA,NA,NA,NA,NA,NA,NA,NA,2,Quarterly,-119.87410977842,34.4175305114216
2025-02-15T00:00:00Z,Kylie Malone,2024-06-10T00:00:00Z,Melina Axelrod,NEC,NA,Algae,26,42,1,59,NA,NA,13,2,NA,NA,NA,NA,NA,NA,NA,NA,NA,NA,NA,NA,NA,NA,NA,NA,NA,NA,NA,NA,NA,NA,NA,NA,NA,NA,NA,NA,NA,NA,NA,NA,NA,NA,NA,NA,NA,NA,NA,NA,NA,NA,NA,NA,1,Quarterly,-119.873895201699,34.4208936917187
2024-12-09T00:00:00Z,Jasmine R,2024-06-12T00:00:00Z,Sabrina Bollendorf,NPB,NA,SW500,NA,NA,NA,NA,NA,NA,NA,NA,NA,NA,NA,NA,NA,NA,1,NA,NA,NA,NA,NA,NA,NA,NA,NA,NA,NA,NA,NA,NA,NA,NA,NA,NA,NA,NA,NA,NA,NA,NA,NA,NA,NA,2,NA,NA,NA,NA,NA,NA,NA,NA,4.0,4,Quarterly,-119.878980669991,34.4213716063627
2024-12-09T00:00:00Z,Alison R,2024-06-12T00:00:00Z,Kalin Zobel,NPB,NA,SW250,20,33,NA,39,NA,NA,NA,NA,NA,NA,NA,NA,NA,NA,NA,NA,NA,NA,NA,NA,NA,NA,NA,NA,NA,NA,NA,NA,NA,NA,NA,NA,NA,NA,NA,NA,NA,NA,NA,NA,NA,NA,NA,NA,NA,NA,NA,NA,NA,NA,NA,NA,4,Quarterly,-119.878980669991,34.4213716063627
2024-12-09T00:00:00Z,Jasmine R,2024-06-12T00:00:00Z,Gary Tian,NPB1,NA,SW250,16,21,NA,3,NA,NA,4,NA,NA,NA,2,NA,NA,NA,8,NA,NA,NA,NA,NA,NA,NA,NA,NA,NA,NA,NA,NA,NA,NA,NA,NA,NA,NA,NA,NA,NA,NA,NA,NA,NA,NA,3,NA,NA,NA,NA,NA,NA,295,17,NA,5,Quarterly,-119.879130873696,34.4224159288559
2024-12-09T00:00:00Z,Jasmine R,2024-08-19T00:00:00Z,Kalin Zobel,NPB,NA,SW250,107,151,NA,13,6,NA,4,NA,NA,NA,NA,NA,NA,NA,10,NA,NA,NA,NA,NA,NA,NA,NA,NA,1,NA,NA,NA,NA,NA,NA,NA,NA,NA,NA,NA,NA,NA,NA,5,NA,NA,1,NA,NA,NA,NA,NA,NA,NA,NA,Green terrestrial beetle,4,Quarterly,-119.878980669991,34.4213716063627
2024-12-09T00:00:00Z,Jasmine R,2024-08-19T00:00:00Z,Alyssa Ambrosini,NPB,NA,SW500,235,15,NA,NA,NA,NA,1,NA,NA,NA,NA,NA,NA,NA,NA,NA,NA,NA,NA,1,NA,NA,NA,NA,NA,NA,NA,NA,NA,NA,NA,NA,NA,NA,NA,NA,NA,NA,NA,NA,NA,NA,1,NA,NA,NA,NA,NA,NA,NA,NA,NA,4,Quarterly,-119.878980669991,34.4213716063627
2024-12-09T00:00:00Z,Jasmine R,2024-08-27T00:00:00Z,Kalin Zabel,NPB1,NA,SW500,16,25,NA,166,NA,NA,4,NA,NA,NA,1,NA,NA,1,26,NA,NA,NA,NA,23,NA,NA,NA,2.0,NA,NA,NA,NA,NA,NA,NA,NA,NA,NA,NA,NA,NA,NA,NA,4,NA,NA,NA,NA,NA,NA,8.0,NA,NA,NA,NA,7 larvae are chromatid,5,Quarterly,-119.879130873696,34.4224159288559
2024-12-09T00:00:00Z,Sophie Serruya,2024-08-27T00:00:00Z,Mark Oregel,NPB1,NA,SW250,10,173,NA,4,NA,NA,NA,NA,NA,NA,NA,NA,NA,NA,185,NA,NA,NA,NA,1,NA,NA,NA,NA,NA,NA,NA,NA,NA,NA,NA,NA,NA,NA,NA,NA,NA,NA,NA,NA,NA,NA,2,NA,NA,NA,NA,NA,NA,61,NA,NA,5,Quarterly,-119.879130873696,34.4224159288559
2025-03-12T00:00:00Z,Jasmine R,2024-08-29T00:00:00Z,Kirya Wagner,NVBR,NA,SW500,1,NA,NA,NA,NA,NA,NA,NA,NA,NA,NA,NA,NA,NA,NA,NA,NA,NA,NA,NA,NA,NA,NA,NA,NA,NA,NA,NA,NA,NA,NA,NA,NA,NA,NA,NA,NA,NA,NA,NA,NA,NA,NA,NA,NA,NA,NA,NA,NA,NA,NA,"1 ostracod in waste (no sample vial), lots of boatman wings, part of a chironomid larve, pink animal matter with yellow spheres inside",2,Quarterly,-119.87410977842,34.4175305114216
2025-03-12T00:00:00Z,Jasmine R,2024-08-29T00:00:00Z,Abby,NEC,46024.0,SW500,3,NA,1,NA,NA,NA,NA,NA,NA,NA,NA,NA,NA,NA,NA,NA,NA,NA,NA,NA,NA,NA,NA,NA,NA,NA,NA,NA,NA,NA,NA,NA,NA,NA,NA,NA,NA,NA,NA,NA,NA,NA,NA,NA,NA,NA,NA,NA,NA,NA,NA,"half chironomid, 15 ostracod shells in waste, one seed pod? (see sorting paper sheet)",1,Quarterly,-119.873895201699,34.4208936917187
2025-03-09T00:00:00Z,Jasmine R,2024-08-30T00:00:00Z,Kirya Wagner,NMC,NA,SW500,76,NA,NA,NA,NA,NA,3,NA,NA,NA,NA,NA,NA,NA,NA,NA,NA,NA,NA,NA,NA,NA,NA,NA,NA,NA,NA,NA,NA,NA,NA,NA,NA,NA,NA,NA,NA,NA,NA,NA,NA,NA,NA,NA,NA,NA,NA,NA,1,NA,NA,"one fish found, sp not id",3,Quarterly,-119.875955139532,34.4196900427342
2024-12-09T00:00:00Z,Jasmine R,2024-09-06T00:00:00Z,Marshall Mueller,NEC,NA,Algae,1,1,NA,NA,NA,NA,19,NA,NA,NA,NA,NA,NA,NA,NA,NA,NA,NA,NA,NA,NA,NA,NA,NA,NA,NA,NA,NA,NA,NA,NA,NA,NA,NA,NA,NA,NA,NA,NA,NA,NA,NA,NA,NA,NA,NA,NA,NA,NA,NA,NA,chironomids are larvae,1,Quarterly,-119.873895201699,34.4208936917187
2025-01-08T00:00:00Z,Jasmine R + Sophie Serruya,2024-10-15T00:00:00Z,Leila S,NPB1,NA,SW250,10,22,NA,590,8,NA,1,NA,NA,NA,NA,NA,NA,NA,16,NA,NA,NA,NA,10,NA,NA,NA,NA,NA,NA,NA,NA,NA,NA,NA,NA,NA,NA,NA,NA,NA,NA,NA,NA,NA,NA,NA,NA,NA,NA,NA,4.0,NA,153,NA,some sorted organisms were not found in waste or sample / some plant matter / crustace cyclopoida: 20,5,Quarterly,-119.879130873696,34.4224159288559
2025-02-13T00:00:00Z,Kylie Malone,2024-11-02T00:00:00Z,Leila S,NMC,NA,SW500,NA,NA,4,NA,NA,NA,NA,NA,NA,NA,NA,NA,NA,NA,NA,NA,NA,NA,NA,NA,NA,NA,NA,NA,NA,NA,NA,NA,NA,NA,NA,NA,NA,NA,NA,NA,NA,NA,NA,NA,NA,NA,NA,NA,NA,NA,NA,NA,NA,NA,NA,NA,3,Quarterly,-119.875955139532,34.4196900427342
2025-02-17T00:00:00Z,Jasmine R,2024-11-02T00:00:00Z,Seli Kalra,NEC,NA,SW500,125,NA,99,NA,1,NA,2,66,NA,NA,NA,NA,NA,NA,NA,NA,NA,NA,NA,NA,NA,NA,NA,NA,NA,NA,NA,NA,NA,NA,NA,NA,NA,NA,NA,NA,NA,NA,NA,NA,NA,NA,NA,NA,NA,NA,NA,NA,NA,NA,NA,NA,1,Quarterly,-119.873895201699,34.4208936917187
2025-02-23T00:00:00Z,Matthew RC,2024-11-22T00:00:00Z,Stephen Bond,NPB,NA,SW250,NA,4,NA,NA,24,NA,3,NA,NA,NA,NA,NA,NA,NA,5,NA,NA,NA,NA,5,NA,NA,NA,NA,NA,NA,NA,NA,NA,NA,NA,NA,NA,NA,NA,NA,NA,NA,NA,1,2.0,NA,NA,NA,NA,NA,NA,NA,NA,139,1,Dragonfly Larvae in seperate vial.,4,Quarterly,-119.878980669991,34.4213716063627
2026-01-20T00:00:00Z,Jeremiah B.,2024-11-22T00:00:00Z,Aubrey Wisniewski,NPB1,NA,SW250,9,265,NA,210,NA,NA,1,NA,NA,NA,NA,NA,NA,NA,5,NA,NA,NA,NA,3,NA,NA,1,NA,NA,NA,NA,NA,NA,NA,NA,NA,NA,NA,NA,NA,NA,NA,NA,18,NA,NA,NA,NA,NA,NA,NA,NA,NA,NA,NA,NA,5,Quarterly,-119.879130873696,34.4224159288559
2026-01-20T00:00:00Z,Jeremiah B.,2024-05-11T00:00:00Z,Aubrey Wisniewski,NPB,NA,SW250,156,NA,NA,NA,NA,NA,22,NA,NA,NA,NA,NA,NA,NA,2,NA,NA,NA,NA,1,NA,NA,NA,NA,NA,NA,NA,NA,NA,NA,NA,NA,NA,NA,NA,NA,NA,NA,NA,NA,1.0,NA,29,NA,NA,NA,NA,NA,NA,NA,NA,NA,4,Quarterly,-119.878980669991,34.4213716063627
2026-01-20T00:00:00Z,Jeremiah B.,2024-05-09T00:00:00Z,Owen Eckweiler,NWP,NA,SW250,210,NA,25,NA,NA,NA,NA,NA,NA,NA,NA,NA,NA,NA,NA,NA,NA,2,NA,NA,NA,NA,3,NA,NA,NA,NA,NA,NA,NA,NA,NA,NA,NA,NA,NA,NA,NA,NA,NA,NA,NA,NA,NA,NA,NA,NA,NA,NA,NA,NA,NA,8,After Rain,-119.882349524514,34.4212123017849
2026-01-20T00:00:00Z,Jeremiah B.,2024-05-09T00:00:00Z,Jasmine Rebollar,NDC,NA,SW250,262,40,1,NA,NA,NA,11,NA,NA,NA,NA,NA,NA,NA,NA,NA,NA,2,NA,NA,NA,NA,NA,NA,NA,NA,NA,NA,NA,NA,NA,NA,NA,NA,NA,NA,NA,NA,NA,NA,NA,NA,2,NA,NA,NA,NA,NA,NA,1,17,NA,7,Quarterly,-119.882993254677,34.4211237991105
2026-01-20T00:00:00Z,Jeremiah B.,2024-11-22T00:00:00Z,Emilio Ojemann,NPB,NA,SW250,149,29,NA,NA,4,NA,3,NA,NA,NA,NA,NA,NA,NA,NA,NA,NA,NA,NA,1,NA,NA,NA,NA,NA,NA,NA,NA,NA,NA,NA,1,NA,NA,NA,NA,NA,NA,NA,NA,NA,NA,NA,NA,NA,NA,NA,NA,NA,NA,NA,NA,4,Quarterly,-119.878980669991,34.4213716063627
2025-05-29T00:00:00Z,Kylie Malone,2025-02-01T00:00:00Z,Ella Khoury,NPB1,NA,SW250,65,31,NA,1,1,4,23,2,NA,NA,NA,NA,NA,NA,6,NA,NA,NA,NA,10,NA,NA,NA,NA,NA,NA,NA,NA,NA,NA,NA,NA,NA,NA,NA,NA,1,NA,NA,13,NA,NA,15,NA,NA,NA,NA,NA,NA,NA,NA,NA,5,Quarterly,-119.879130873696,34.4224159288559
2025-03-04T00:00:00Z,Matthew RC,2025-02-20T00:00:00Z,Kirya Wagner,NMC,NA,SW250,16,NA,2,NA,NA,NA,23,NA,NA,NA,NA,NA,NA,NA,NA,NA,NA,NA,NA,NA,NA,NA,NA,NA,NA,NA,NA,NA,NA,NA,NA,NA,NA,NA,NA,NA,NA,NA,NA,NA,NA,NA,NA,NA,NA,NA,NA,NA,NA,NA,NA,NA,3,Quarterly,-119.875955139532,34.4196900427342
2025-03-06T00:00:00Z,Matthew RC,2025-02-20T00:00:00Z,Stephen Bond,NEC,NA,SW250,NA,10,4,NA,NA,NA,8,3,NA,NA,NA,NA,NA,NA,NA,NA,NA,NA,NA,NA,NA,NA,NA,NA,NA,NA,NA,NA,NA,NA,NA,NA,NA,NA,NA,NA,NA,NA,NA,NA,NA,NA,NA,NA,NA,NA,NA,NA,NA,NA,NA,NA,1,Quarterly,-119.873895201699,34.4208936917187
2025-03-08T00:00:00Z,Matthew RC,2025-02-22T00:00:00Z,Anjalique Richard,NPB1,NA,SW250,NA,NA,NA,NA,1,NA,2,3,NA,NA,NA,NA,NA,NA,NA,NA,NA,NA,NA,1,NA,NA,NA,NA,NA,NA,NA,NA,NA,6,NA,NA,NA,NA,NA,NA,NA,NA,NA,NA,`1,NA,NA,NA,NA,NA,NA,NA,NA,51,NA,NA,5,Quarterly,-119.879130873696,34.4224159288559
2025-03-19T00:00:00Z,Jasmine R,2025-03-01T00:00:00Z,Stephen Bond,NDC,NA,SW250,58,95,NA,105,NA,NA,23,15,NA,NA,2,NA,NA,NA,54,NA,NA,NA,NA,NA,NA,NA,NA,NA,NA,NA,NA,NA,NA,NA,NA,NA,NA,NA,NA,NA,NA,NA,NA,6,NA,NA,NA,NA,NA,NA,NA,NA,NA,1,1,"15 cyclopoids , 2 mites, unknowns in vial are Delphaacidae? and diptera culicidae pupa",7,Quarterly,-119.882993254677,34.4211237991105
2025-03-19T00:00:00Z,Jasmine R,2025-03-03T00:00:00Z,Kai Suzuki,NVBR,NA,SW250,NA,NA,14,NA,NA,NA,1,NA,NA,NA,1,NA,NA,NA,NA,NA,NA,NA,NA,NA,NA,NA,NA,NA,NA,NA,NA,NA,NA,NA,NA,NA,NA,NA,NA,NA,NA,NA,NA,NA,NA,NA,1,NA,NA,NA,NA,NA,NA,NA,1,"note, unknown are white pods (possible egg sacs), in vial on rock",2,Quarterly,-119.87410977842,34.4175305114216
2025-07-08T00:00:00Z,Jon S,2025-05-09T00:00:00Z,Mila Matich,NPB1,NA,SW250,12,337,NA,164,3,26,7,NA,NA,NA,NA,NA,NA,NA,15,NA,NA,NA,NA,4,NA,NA,NA,NA,NA,NA,NA,NA,NA,NA,NA,NA,NA,NA,NA,NA,NA,NA,NA,75,1.0,NA,4,NA,NA,NA,NA,NA,NA,13,NA,NA,5,Quarterly,-119.879130873696,34.4224159288559
2025-07-15T00:00:00Z,Jon S,2025-03-09T00:00:00Z,Kai Suzuki,NPB,NA,SW250,NA,162,NA,12,101,NA,NA,NA,NA,NA,NA,NA,NA,NA,3,NA,NA,NA,NA,9,NA,NA,NA,NA,NA,NA,NA,NA,NA,NA,NA,NA,NA,NA,NA,NA,NA,NA,NA,NA,NA,NA,8,NA,NA,NA,3.0,NA,NA,NA,NA,"2 bivalvles not present, waste looked clean",4,Quarterly,-119.878980669991,34.4213716063627
2026-01-20T00:00:00Z,Jeremiah B.,2025-05-09T00:00:00Z,Fiorella Beck,NPB1,NA,SW250,22,116,NA,6,1,1,9,NA,NA,NA,NA,NA,NA,2,15,NA,NA,NA,NA,39,NA,NA,NA,NA,NA,NA,NA,NA,NA,NA,NA,NA,NA,NA,NA,NA,NA,NA,NA,33,NA,NA,NA,NA,NA,NA,NA,NA,NA,NA,NA,NA,5,Quarterly,-119.879130873696,34.4224159288559
2026-01-20T00:00:00Z,Jeremiah B.,2025-02-19T00:00:00Z,Sedona Domino,NVP4,NA,SW250,912,86,1,889,2,NA,116,2,NA,NA,NA,NA,NA,NA,28,NA,NA,NA,NA,9,NA,NA,NA,NA,NA,NA,NA,NA,NA,NA,NA,NA,NA,NA,NA,NA,NA,NA,NA,NA,NA,NA,NA,NA,NA,NA,NA,NA,NA,NA,2,3 tadpoles,9,After Rain,-119.880949411571,34.419069035776
2026-01-20T00:00:00Z,Jeremiah B.,2025-08-26T00:00:00Z,Sedona Domino,NEC,NA,SW250,NA,NA,305,NA,NA,NA,NA,NA,NA,NA,NA,NA,NA,NA,45,NA,NA,NA,NA,3,NA,NA,NA,NA,NA,NA,NA,NA,NA,NA,NA,NA,NA,NA,NA,NA,NA,NA,NA,NA,NA,NA,NA,16,NA,NA,NA,NA,NA,NA,NA,NA,1,Quarterly,-119.873895201699,34.4208936917187
2026-01-20T00:00:00Z,Jeremiah B.,2025-04-19T00:00:00Z,Abby Nestor,NPB1,NA,SW250,25,394,NA,NA,NA,NA,NA,NA,NA,NA,NA,NA,NA,NA,NA,NA,NA,NA,NA,3,NA,NA,NA,NA,NA,NA,NA,NA,NA,NA,NA,NA,NA,NA,NA,NA,NA,NA,NA,NA,NA,NA,NA,NA,NA,NA,NA,NA,NA,NA,9,NA,5,Quarterly,-119.879130873696,34.4224159288559
2026-01-20T00:00:00Z,Jeremiah B.,2025-08-26T00:00:00Z,Sedona Domino,NPB,NA,SW250,NA,720,10,53,NA,NA,43,8,NA,NA,5,NA,NA,NA,1,NA,NA,NA,NA,NA,NA,NA,NA,NA,NA,NA,NA,NA,NA,NA,NA,NA,NA,NA,NA,NA,NA,NA,NA,NA,NA,NA,3,1,NA,NA,NA,NA,3,NA,NA,NA,4,Quarterly,-119.878980669991,34.4213716063627
2026-01-26T00:00:00Z,Sequoia M,2025-08-26T00:00:00Z,Sedona Domino,NPB2,NA,SW500,2,3,2,22,NA,NA,NA,NA,2,NA,NA,NA,NA,NA,3,NA,NA,NA,NA,NA,NA,NA,NA,NA,NA,NA,NA,NA,NA,NA,NA,NA,NA,NA,NA,NA,11,NA,NA,19,NA,NA,4,NA,NA,NA,2.0,NA,NA,16,7,NA,6,Quarterly,-119.880675826088,34.4248762302824
2026-01-26T00:00:00Z,Sequoia M,2024-02-10T00:00:00Z,Emma Alliende,NVP4,NA,SW500,164,65,NA,NA,NA,NA,30,1,NA,NA,NA,NA,NA,NA,465,NA,NA,NA,NA,NA,NA,NA,NA,NA,NA,NA,NA,NA,NA,NA,NA,NA,NA,NA,NA,NA,NA,NA,NA,NA,NA,NA,NA,NA,NA,NA,NA,NA,NA,NA,NA,"Ceratopogonidae larvae present, entered as ceratopogonidae / 6 tadpoles present",9,After Rain,-119.880949411571,34.419069035776
2026-01-26T00:00:00Z,Sequoia M,2025-02-19T00:00:00Z,Camila Evdemon,NVP2,NA,SW500,64,1293,NA,74,90,NA,1,1,NA,NA,1,NA,NA,NA,NA,NA,NA,NA,NA,3,NA,NA,NA,3.0,5,NA,NA,NA,NA,NA,NA,NA,NA,NA,NA,NA,NA,NA,NA,1,NA,NA,NA,NA,NA,NA,NA,NA,NA,NA,4,NA,10,After Rain,-119.87988189222,34.4194776322913
2026-01-26T00:00:00Z,Sequoia M,2025-02-01T00:00:00Z,Seli Kalra,NPB,NA,SW250,169,74,NA,14,NA,2,2,NA,NA,NA,NA,NA,1,NA,NA,NA,NA,NA,NA,NA,NA,NA,NA,4.0,NA,NA,NA,NA,NA,NA,NA,NA,NA,NA,NA,NA,NA,NA,4,5,NA,NA,47,NA,NA,NA,1.0,NA,NA,NA,9,"epimidae larva- listed under larvae, sample spilled",4,Quarterly,-119.878980669991,34.4213716063627
2026-01-26T00:00:00Z,Sequoia M,2025-04-19T00:00:00Z,Kai Suzuki,NPB,NA,SW250,217,1606,NA,114,NA,NA,11,1,NA,NA,NA,NA,NA,NA,NA,NA,NA,NA,NA,NA,NA,NA,NA,NA,NA,NA,NA,NA,NA,NA,NA,NA,NA,NA,NA,NA,NA,NA,NA,NA,1.0,NA,5,NA,NA,NA,NA,NA,NA,NA,NA,"2 types of copepods identified: Cyclopoida (1263) and Calanoida (343), sample was spilled (approx 30 orgs lost)",4,Quarterly,-119.878980669991,34.4213716063627
2026-01-26T00:00:00Z,Sequoia M,2024-11-07T00:00:00Z,Araceli,NPB,NA,SW500,64,34,NA,NA,NA,NA,1,NA,NA,NA,NA,NA,NA,NA,NA,NA,NA,NA,NA,1,NA,NA,NA,NA,NA,NA,NA,NA,NA,NA,NA,NA,NA,NA,NA,NA,NA,NA,NA,1,NA,NA,NA,NA,NA,NA,NA,NA,NA,NA,NA,Seems like an unfinished count? Has plus signs after each count?,4,Quarterly,-119.878980669991,34.4213716063627
2026-01-26T00:00:00Z,Sequoia M,2025-03-03T00:00:00Z,Marcelo Miller,NVBR,NA,SW250,38,52,NA,29,NA,NA,NA,NA,NA,NA,NA,NA,NA,NA,NA,NA,NA,NA,2,NA,NA,NA,NA,NA,NA,NA,NA,NA,NA,NA,NA,NA,NA,NA,NA,NA,1,NA,NA,NA,NA,NA,NA,NA,NA,NA,1.0,NA,NA,NA,28,"Arthropoda listed (28)- under unknown, unknown hemiptera, sample spilled",2,Quarterly,-119.87410977842,34.4175305114216
